<?xml version="1.0" encoding="UTF-8" standalone="yes"?>
<addon id="script.tv.promos" name="TV Promos" version="1.0.5" provider-name="Karrade">
	<requires>
		<import addon="xbmc.python" version="2.1.0"/>
		<import addon="script.module.simplejson" version="2.0.10"/>
		<import addon="script.module.requests" version="1.1.0"/>
	</requires>
	<extension point="xbmc.python.script" library="default.py">
		<provides>executable</provides>
	</extension>
	<extension point="xbmc.service" name="tvpromos.service" library="default.py" start="login" />
	<extension point="xbmc.addon.metadata" name="tvpromos.metadata">
		<language></language>
		<summary lang="en">TV Episode Promo Downloader</summary>
		<description lang="en">Retrieve Promo "Trailers" for the next episode of a tv show and automatically play it.</description>
		<email></email>    
	</extension>
</addon>
