﻿<?xml version="1.0" encoding="UTF-8" standalone="yes"?>
<addon id="repository.karrade" name="Karrade's XBMC Addons" version="1.0.3" provider-name="karrade [empasm@gmail.com]">
	<extension point="xbmc.addon.repository" name="Karrade's XBMC Addon Repository">
		<info compressed="false">http://github.com/Karrade/xbmc-repo/raw/master/addons.xml</info>
		<checksum>http://github.com/Karrade/xbmc-repo/raw/master/addons.xml.md5</checksum>
		<datadir zip="true">http://github.com/Karrade/xbmc-repo/raw/master/repo</datadir>
	</extension>
	<extension point="xbmc.addon.metadata">
		<summary>Install Karrade's Addons</summary>
		<description>Download and install addons by Karrade</description>
		<platform>all</platform>
	</extension>
</addon>